{
    "accuracy": 0.710724043715847,
    "macro_f1": 0.6558158346296424,
    "weighted_f1": 0.7212081718974999
}